{"cameraMode":{"drawMode":0,"name":"Shaded","section":"Shading Mode"},"sceneLighting":false,"audioPlay":false,"sceneViewState":{"showFog":false,"showMaterialUpdate":true,"showSkybox":true,"showFlares":true,"showImageEffects":true,"showParticleSystems":true},"in2DMode":false,"pivot":{"x":197.38348388671876,"y":-0.7014617919921875,"z":218.01170349121095},"rotation":{"x":-0.26209118962287905,"y":-0.11086922883987427,"z":0.03033129684627056,"w":-0.9581798911094666},"size":51.91831970214844,"orthographic":false}