{"cameraMode":{"drawMode":0,"name":"Shaded","section":"Shading Mode"},"sceneLighting":true,"audioPlay":false,"sceneViewState":{"showFog":false,"showMaterialUpdate":false,"showSkybox":true,"showFlares":true,"showImageEffects":true,"showParticleSystems":true},"in2DMode":false,"pivot":{"x":104.60760498046875,"y":20.237459182739259,"z":90.42179870605469},"rotation":{"x":-0.026488151401281358,"y":-0.24285708367824555,"z":0.006634273566305637,"w":-0.9696770906448364},"size":4.621434211730957,"orthographic":false}