{"cameraMode":{"drawMode":0,"name":"Shaded","section":"Shading Mode"},"sceneLighting":true,"audioPlay":false,"sceneViewState":{"showFog":false,"showMaterialUpdate":false,"showSkybox":false,"showFlares":false,"showImageEffects":false,"showParticleSystems":false},"in2DMode":false,"pivot":{"x":148.88980102539063,"y":-7.339874267578125,"z":84.28483581542969},"rotation":{"x":-0.2555345892906189,"y":-0.7442352771759033,"z":0.425441712141037,"w":-0.4470224976539612},"size":124.95952606201172,"orthographic":false}